1743082231,video_1743082231,0,470,137,1711,1061
1743082231,video_1743082231,0,1,664,284,1063
1743082231,video_1743082231,1,463,134,1713,1060
1743082231,video_1743082231,1,1,666,284,1063
1743082231,video_1743082231,2,460,134,1714,1061
1743082231,video_1743082231,2,1,666,284,1063
1743082231,video_1743082231,3,461,135,1714,1060
1743082231,video_1743082231,3,1,666,284,1063
1743082231,video_1743082231,4,458,136,1714,1060
1743082231,video_1743082231,4,1,666,284,1063
1743082232,video_1743082231,5,456,135,1713,1061
1743082232,video_1743082231,5,1,666,285,1063
1743082232,video_1743082231,6,456,134,1712,1061
1743082232,video_1743082231,6,0,666,285,1063
1743082232,video_1743082231,7,454,134,1712,1061
1743082232,video_1743082231,7,1,665,286,1062
1743082232,video_1743082231,8,454,134,1712,1061
1743082232,video_1743082231,8,1,665,286,1062
1743082232,video_1743082231,9,454,131,1714,1062
1743082232,video_1743082231,9,1,665,286,1062
1743082232,video_1743082231,10,454,131,1714,1062
1743082232,video_1743082231,10,1,665,286,1061
1743082232,video_1743082231,11,456,133,1713,1060
1743082232,video_1743082231,11,1,666,286,1061
1743082232,video_1743082231,12,455,132,1714,1062
1743082232,video_1743082231,12,1,666,286,1061
1743082232,video_1743082231,13,455,133,1714,1062
1743082232,video_1743082231,13,1,666,286,1061
1743082232,video_1743082231,14,455,133,1714,1062
1743082232,video_1743082231,14,1,666,286,1061
1743082232,video_1743082231,15,454,135,1711,1061
1743082232,video_1743082231,15,1,665,286,1060
1743082232,video_1743082231,16,455,132,1713,1062
1743082232,video_1743082231,16,1,665,286,1061
1743082232,video_1743082231,17,453,135,1711,1062
1743082232,video_1743082231,17,1,665,286,1061
1743082232,video_1743082231,18,454,132,1714,1062
1743082232,video_1743082231,18,1,665,286,1061
1743082233,video_1743082231,19,451,134,1712,1062
1743082233,video_1743082231,19,1,665,286,1062
1743082233,video_1743082231,20,454,133,1713,1062
1743082233,video_1743082231,20,1,665,286,1062
1743082233,video_1743082231,21,455,134,1714,1063
1743082233,video_1743082231,21,1,665,286,1062
1743082233,video_1743082231,22,455,134,1713,1062
1743082233,video_1743082231,22,1,665,286,1062
1743082233,video_1743082231,23,460,133,1713,1062
1743082233,video_1743082231,23,1,665,284,1063
1743082233,video_1743082231,24,463,136,1713,1061
1743082233,video_1743082231,24,1,665,286,1062
1743082233,video_1743082231,25,465,135,1718,1062
1743082233,video_1743082231,25,1,664,286,1062
1743082233,video_1743082231,26,467,135,1718,1062
1743082233,video_1743082231,26,1,664,286,1062
1743082233,video_1743082231,27,467,136,1720,1062
1743082233,video_1743082231,27,1,664,286,1062
1743082233,video_1743082231,28,466,135,1721,1062
1743082233,video_1743082231,28,1,663,286,1061
1743082233,video_1743082231,29,463,136,1721,1062
1743082233,video_1743082231,29,1,663,287,1061
1743082233,video_1743082231,30,462,136,1721,1062
1743082233,video_1743082231,30,1,662,286,1061
1743082233,video_1743082231,31,462,135,1721,1063
1743082233,video_1743082231,31,1,663,286,1062
1743082233,video_1743082231,32,461,135,1721,1063
1743082233,video_1743082231,32,1,662,286,1062
1743082234,video_1743082231,33,462,136,1721,1063
1743082234,video_1743082231,33,1,663,286,1062
1743082234,video_1743082231,34,462,135,1721,1062
1743082234,video_1743082231,34,1,663,286,1063
1743082234,video_1743082231,35,461,138,1719,1061
1743082234,video_1743082231,35,1,663,286,1063
1743082234,video_1743082231,36,463,138,1721,1063
1743082234,video_1743082231,36,1,664,286,1063
1743082234,video_1743082231,37,465,138,1721,1063
1743082234,video_1743082231,37,1,664,285,1064
1743082234,video_1743082231,38,465,136,1721,1063
1743082234,video_1743082231,38,1,664,286,1063
1743082234,video_1743082231,39,465,136,1718,1063
1743082234,video_1743082231,39,1,665,284,1063
1743082234,video_1743082231,40,466,136,1719,1062
1743082234,video_1743082231,40,1,666,285,1064
1743082234,video_1743082231,41,467,138,1713,1062
1743082234,video_1743082231,41,1,665,286,1062
1743082234,video_1743082231,42,467,139,1715,1062
1743082234,video_1743082231,42,1,665,286,1063
1743082234,video_1743082231,43,468,138,1714,1062
1743082234,video_1743082231,43,1,665,286,1062
1743082234,video_1743082231,44,469,139,1714,1062
1743082234,video_1743082231,44,1,665,286,1062
1743082234,video_1743082231,45,466,138,1713,1062
1743082234,video_1743082231,45,1,665,286,1062
1743082234,video_1743082231,46,462,139,1712,1062
1743082234,video_1743082231,46,1,665,286,1062
1743082235,video_1743082231,47,461,137,1714,1062
1743082235,video_1743082231,47,1,666,284,1064
1743082235,video_1743082231,48,462,138,1712,1061
1743082235,video_1743082231,48,1,665,286,1062
1743082235,video_1743082231,49,454,138,1712,1061
1743082235,video_1743082231,49,1,665,286,1062
1743082235,video_1743082231,50,451,138,1713,1061
1743082235,video_1743082231,50,1,665,286,1061
1743082235,video_1743082231,51,451,137,1714,1060
1743082235,video_1743082231,51,1,666,286,1062
1743082235,video_1743082231,52,449,136,1714,1061
1743082235,video_1743082231,52,1,665,286,1062
1743082235,video_1743082231,53,442,136,1714,1061
1743082235,video_1743082231,53,1,666,285,1063
1743082235,video_1743082231,54,440,135,1715,1061
1743082235,video_1743082231,54,1,664,286,1062
1743082235,video_1743082231,55,440,134,1715,1061
1743082235,video_1743082231,55,1,666,285,1062
1743082235,video_1743082231,56,440,135,1715,1061
1743082235,video_1743082231,56,1,666,285,1063
1743082235,video_1743082231,57,442,135,1715,1062
1743082235,video_1743082231,57,1,666,284,1062
1743082235,video_1743082231,58,442,135,1716,1062
1743082235,video_1743082231,58,1,664,286,1062
1743082235,video_1743082231,59,443,136,1716,1062
1743082235,video_1743082231,59,1,664,286,1063
1743082235,video_1743082231,60,443,136,1717,1062
1743082235,video_1743082231,60,1,665,284,1064
1743082236,video_1743082231,61,443,135,1716,1062
1743082236,video_1743082231,61,1,665,284,1064
1743082255,video_1743082255,0,480,198,1725,1066
1743082255,video_1743082255,0,0,144,306,1054
1743082255,video_1743082255,1,480,199,1723,1067
1743082255,video_1743082255,1,0,150,305,1054
1743082255,video_1743082255,2,480,199,1723,1067
1743082255,video_1743082255,2,0,149,307,1054
1743082255,video_1743082255,3,479,199,1724,1067
1743082255,video_1743082255,3,0,150,307,1053
1743082255,video_1743082255,4,479,198,1723,1067
1743082255,video_1743082255,4,0,149,308,1053
1743082255,video_1743082255,5,479,198,1725,1067
1743082255,video_1743082255,5,0,152,309,1054
1743082255,video_1743082255,6,479,198,1726,1067
1743082255,video_1743082255,6,0,155,309,1054
1743082255,video_1743082255,7,480,198,1726,1067
1743082255,video_1743082255,7,0,154,309,1053
1743082255,video_1743082255,8,480,198,1726,1066
1743082255,video_1743082255,8,0,153,311,1054
1743082255,video_1743082255,9,481,198,1726,1067
1743082255,video_1743082255,9,0,145,313,1058
1743082255,video_1743082255,10,481,198,1726,1065
1743082255,video_1743082255,10,1,129,315,1059
1743082255,video_1743082255,11,480,198,1726,1065
1743082255,video_1743082255,11,0,133,315,1059
1743082256,video_1743082255,12,481,198,1727,1066
1743082256,video_1743082255,12,0,139,316,1058
1743082256,video_1743082255,13,482,197,1727,1065
1743082256,video_1743082255,13,0,126,317,1057
1743082256,video_1743082255,14,482,197,1726,1065
1743082256,video_1743082255,14,0,127,317,1057
1743082256,video_1743082255,15,483,197,1725,1065
1743082256,video_1743082255,15,0,125,317,1057
1743082256,video_1743082255,16,484,197,1726,1065
1743082256,video_1743082255,16,0,124,318,1057
1743082256,video_1743082255,17,483,196,1725,1065
1743082256,video_1743082255,17,1,120,318,1058
1743082256,video_1743082255,18,484,196,1725,1065
1743082256,video_1743082255,18,0,118,317,1058
1743082256,video_1743082255,19,484,196,1726,1065
1743082256,video_1743082255,19,1,112,318,1057
1743082256,video_1743082255,20,484,196,1725,1066
1743082256,video_1743082255,20,1,108,320,1059
1743082256,video_1743082255,21,484,196,1725,1065
1743082256,video_1743082255,21,0,102,324,1061
1743082256,video_1743082255,22,484,196,1725,1066
1743082256,video_1743082255,22,0,100,330,1059
1743082256,video_1743082255,23,484,196,1724,1066
1743082256,video_1743082255,23,1,100,332,1060
1743082256,video_1743082255,24,484,195,1724,1065
1743082256,video_1743082255,24,1,102,333,1060
1743082256,video_1743082255,25,483,196,1725,1065
1743082256,video_1743082255,25,1,102,334,1062
1743082257,video_1743082255,26,484,195,1725,1065
1743082257,video_1743082255,26,1,97,333,1061
1743082257,video_1743082255,27,484,196,1724,1065
1743082257,video_1743082255,27,1,92,333,1061
1743082257,video_1743082255,28,483,196,1724,1065
1743082257,video_1743082255,28,1,86,332,1060
1743082257,video_1743082255,29,483,195,1725,1064
1743082257,video_1743082255,29,0,89,331,1060
1743082257,video_1743082255,30,482,195,1724,1064
1743082257,video_1743082255,30,0,85,331,1060
1743082257,video_1743082255,31,483,195,1724,1065
1743082257,video_1743082255,31,0,86,331,1059
1743082257,video_1743082255,32,483,196,1724,1065
1743082257,video_1743082255,32,0,84,332,1060
1743082257,video_1743082255,33,483,196,1723,1064
1743082257,video_1743082255,33,0,83,334,1060
1743082257,video_1743082255,34,483,196,1723,1064
1743082257,video_1743082255,34,0,84,334,1059
1743082257,video_1743082255,35,483,196,1724,1064
1743082257,video_1743082255,35,0,86,334,1060
1743082257,video_1743082255,36,483,196,1723,1064
1743082257,video_1743082255,36,0,86,334,1062
1743082257,video_1743082255,37,483,196,1722,1065
1743082257,video_1743082255,37,0,85,334,1062
1743082257,video_1743082255,38,483,195,1721,1064
1743082257,video_1743082255,38,0,85,334,1062
1743082257,video_1743082255,39,483,195,1721,1064
1743082257,video_1743082255,39,0,85,334,1060
1743082258,video_1743082255,40,483,196,1721,1065
1743082258,video_1743082255,40,0,90,334,1060
1743082258,video_1743082255,41,483,197,1721,1066
1743082258,video_1743082255,41,0,92,330,1061
1743082258,video_1743082255,42,484,196,1720,1065
1743082258,video_1743082255,42,0,96,322,1059
1743082258,video_1743082255,43,484,196,1722,1066
1743082258,video_1743082255,43,0,117,318,1058
1743082258,video_1743082255,44,484,196,1721,1066
1743082258,video_1743082255,44,0,120,317,1062
1743082258,video_1743082255,45,485,195,1714,1066
1743082258,video_1743082255,45,0,124,315,1061
1743082258,video_1743082255,46,486,194,1719,1065
1743082258,video_1743082255,46,0,138,316,1061
1743082258,video_1743082255,47,478,194,1705,1064
1743082258,video_1743082255,47,0,140,315,1062
1743082258,video_1743082255,48,485,195,1698,1064
1743082258,video_1743082255,48,1,135,326,1059
1743082258,video_1743082255,49,497,203,1687,1064
1743082258,video_1743082255,49,1,126,327,1065
1743082258,video_1743082255,50,307,217,1651,1064
1743082258,video_1743082255,50,1,136,314,1060
1743082258,video_1743082255,51,546,225,1644,1068
1743082258,video_1743082255,51,1,146,312,1061
1743082258,video_1743082255,51,1,145,646,1066
1743082258,video_1743082255,52,225,234,1643,1066
1743082258,video_1743082255,52,0,152,283,1064
1743082258,video_1743082255,53,292,250,1597,1065
1743082258,video_1743082255,53,1,152,303,1065
1743082259,video_1743082255,54,341,264,1629,1066
1743082259,video_1743082255,54,1,156,317,1064
1743082259,video_1743082255,55,365,276,1624,1068
1743082259,video_1743082255,55,1,159,314,1064
1743082259,video_1743082255,56,376,287,1617,1069
1743082259,video_1743082255,56,1,170,318,1063
1743082259,video_1743082255,57,383,292,1623,1066
1743082259,video_1743082255,57,1,178,326,1064
1743082259,video_1743082255,58,387,303,1623,1066
1743082259,video_1743082255,58,1,191,328,1064
1743082259,video_1743082255,59,393,310,1618,1068
1743082259,video_1743082255,59,0,186,325,1064
1743082259,video_1743082255,60,395,314,1615,1068
1743082259,video_1743082255,60,0,177,324,1064
1743082259,video_1743082255,61,398,318,1613,1068
1743082259,video_1743082255,61,0,169,327,1063
1743082259,video_1743082255,62,399,323,1613,1068
1743082259,video_1743082255,62,0,168,329,1065
1743082259,video_1743082255,63,398,323,1616,1069
1743082259,video_1743082255,63,0,164,333,1064
1743082259,video_1743082255,64,399,324,1608,1069
1743082259,video_1743082255,64,0,164,334,1064
1743082259,video_1743082255,65,398,323,1589,1069
1743082259,video_1743082255,65,0,166,329,1064
1743082259,video_1743082255,66,378,320,1576,1067
1743082259,video_1743082255,66,0,160,326,1063
1743082259,video_1743082255,67,324,313,1590,1071
1743082259,video_1743082255,67,1,155,328,1061
1743082260,video_1743082255,68,1,155,334,1061
1743082260,video_1743082255,68,358,308,1582,1070
1743082260,video_1743082255,69,571,299,1579,1066
1743082260,video_1743082255,69,1,154,336,1060
1743082260,video_1743082255,70,570,291,1584,1066
1743082260,video_1743082255,70,0,150,339,1061
1743082260,video_1743082255,71,568,282,1584,1065
1743082260,video_1743082255,71,0,145,346,1061
1743082260,video_1743082255,72,557,274,1588,1065
1743082260,video_1743082255,72,1,143,353,1062
1743082260,video_1743082255,73,551,262,1597,1064
1743082260,video_1743082255,73,1,143,356,1062
1743082260,video_1743082255,74,539,251,1606,1064
1743082260,video_1743082255,74,1,142,361,1065
1743082260,video_1743082255,75,532,239,1614,1065
1743082260,video_1743082255,75,1,147,360,1065
1743082260,video_1743082255,76,520,224,1624,1064
1743082260,video_1743082255,76,1,149,357,1064
1743082260,video_1743082255,77,507,214,1628,1063
1743082260,video_1743082255,77,0,155,352,1064
1743082260,video_1743082255,78,496,198,1640,1062
1743082260,video_1743082255,78,0,161,348,1065
1743082260,video_1743082255,79,483,181,1646,1064
1743082260,video_1743082255,79,0,178,339,1065
1743082260,video_1743082255,80,471,167,1655,1064
1743082260,video_1743082255,80,1,179,334,1064
1743082260,video_1743082255,81,463,159,1675,1064
1743082260,video_1743082255,81,0,179,330,1065
1743082260,video_1743082255,82,464,149,1690,1063
1743082260,video_1743082255,82,1,178,319,1064
1743082261,video_1743082255,83,463,142,1702,1064
1743082261,video_1743082255,83,0,196,318,1063
1743082261,video_1743082255,84,471,141,1711,1063
1743082261,video_1743082255,84,0,212,317,1064
1743082261,video_1743082255,85,471,138,1719,1063
1743082261,video_1743082255,85,0,214,317,1062
1743082261,video_1743082255,86,469,136,1725,1063
1743082261,video_1743082255,86,0,215,317,1061
1743082261,video_1743082255,87,470,133,1730,1064
1743082261,video_1743082255,87,0,215,318,1061
1743082261,video_1743082255,88,470,132,1731,1064
1743082261,video_1743082255,88,0,214,319,1060
1743082261,video_1743082255,89,470,132,1732,1064
1743082261,video_1743082255,89,0,213,319,1060
1743082261,video_1743082255,90,471,134,1731,1064
1743082261,video_1743082255,90,0,212,320,1060
1743082261,video_1743082255,91,474,138,1731,1063
1743082261,video_1743082255,91,0,208,321,1060
1743082261,video_1743082255,92,475,141,1731,1063
1743082261,video_1743082255,92,0,206,326,1059
1743082261,video_1743082255,93,476,143,1730,1063
1743082261,video_1743082255,93,0,206,330,1061
1743082261,video_1743082255,94,477,145,1728,1063
1743082261,video_1743082255,94,0,204,331,1061
1743082261,video_1743082255,95,477,146,1727,1063
1743082261,video_1743082255,95,0,203,333,1060
1743082261,video_1743082255,96,474,147,1724,1063
1743082261,video_1743082255,96,0,199,334,1061
1743082262,video_1743082255,97,475,147,1723,1063
1743082262,video_1743082255,97,0,197,334,1062
1743082262,video_1743082255,98,477,147,1723,1063
1743082262,video_1743082255,98,0,193,335,1062
1743082262,video_1743082255,99,476,146,1723,1063
1743082262,video_1743082255,99,0,191,335,1062
1743082262,video_1743082255,100,474,147,1723,1063
1743082262,video_1743082255,100,0,190,335,1061
1743082262,video_1743082255,101,474,146,1723,1064
1743082262,video_1743082255,101,0,188,336,1061
1743082262,video_1743082255,102,474,146,1723,1064
1743082262,video_1743082255,102,0,187,336,1060
1743082262,video_1743082255,103,474,146,1722,1063
1743082262,video_1743082255,103,0,187,336,1060
1743082262,video_1743082255,104,475,146,1722,1063
1743082262,video_1743082255,104,0,186,336,1060
1743082262,video_1743082255,105,475,146,1722,1063
1743082262,video_1743082255,105,0,185,336,1060
1743082262,video_1743082255,106,474,146,1721,1063
1743082262,video_1743082255,106,0,186,336,1060
1743082262,video_1743082255,107,475,147,1721,1064
1743082262,video_1743082255,107,0,185,336,1060
1743082262,video_1743082255,108,475,147,1720,1063
1743082262,video_1743082255,108,0,182,335,1060
1743082262,video_1743082255,109,476,147,1721,1063
1743082262,video_1743082255,109,0,184,335,1061
1743082262,video_1743082255,110,475,147,1721,1064
1743082262,video_1743082255,110,0,183,335,1061
1743082263,video_1743082255,111,476,147,1720,1063
1743082263,video_1743082255,111,0,182,334,1062
1743082263,video_1743082255,112,475,146,1720,1064
1743082263,video_1743082255,112,0,182,334,1061
1743082263,video_1743082255,113,476,146,1720,1064
1743082263,video_1743082255,113,0,183,335,1061
1743082272,video_1743082272,0,481,144,1701,1063
1743082272,video_1743082272,0,1,451,419,1065
1743082272,video_1743082272,1,480,145,1701,1063
1743082272,video_1743082272,1,1,452,418,1065
1743082273,video_1743082272,2,480,144,1701,1063
1743082273,video_1743082272,2,1,453,417,1065
1743082273,video_1743082272,3,481,144,1701,1063
1743082273,video_1743082272,3,1,451,417,1065
1743082273,video_1743082272,4,480,145,1701,1063
1743082273,video_1743082272,4,1,451,418,1066
1743082273,video_1743082272,5,480,144,1701,1063
1743082273,video_1743082272,5,1,450,418,1066
1743082273,video_1743082272,6,480,144,1701,1063
1743082273,video_1743082272,6,1,450,419,1066
1743082273,video_1743082272,7,480,144,1701,1063
1743082273,video_1743082272,7,1,450,419,1065
1743082273,video_1743082272,8,480,144,1701,1063
1743082273,video_1743082272,8,1,450,418,1065
1743082273,video_1743082272,9,480,144,1701,1063
1743082273,video_1743082272,9,1,450,419,1065
1743082273,video_1743082272,10,481,144,1702,1063
1743082273,video_1743082272,10,1,450,419,1065
1743082273,video_1743082272,11,481,144,1701,1063
1743082273,video_1743082272,11,1,449,419,1064
1743082273,video_1743082272,12,480,144,1702,1063
1743082273,video_1743082272,12,1,450,419,1065
1743082273,video_1743082272,13,480,143,1702,1063
1743082273,video_1743082272,13,1,450,419,1065
1743082273,video_1743082272,14,480,143,1702,1063
1743082273,video_1743082272,14,1,450,419,1066
1743082273,video_1743082272,15,480,144,1703,1063
1743082273,video_1743082272,15,1,450,419,1066
1743082274,video_1743082272,16,480,144,1702,1063
1743082274,video_1743082272,16,1,450,420,1065
1743082274,video_1743082272,17,480,144,1703,1063
1743082274,video_1743082272,17,1,449,418,1065
1743082274,video_1743082272,18,480,144,1703,1063
1743082274,video_1743082272,18,1,448,418,1065
1743082274,video_1743082272,19,479,143,1703,1064
1743082274,video_1743082272,19,1,447,418,1065
1743082274,video_1743082272,20,480,144,1702,1063
1743082274,video_1743082272,20,1,446,419,1065
1743082274,video_1743082272,21,479,143,1703,1063
1743082274,video_1743082272,21,1,438,419,1064
1743082274,video_1743082272,22,478,145,1700,1063
1743082274,video_1743082272,22,1,433,414,1063
1743082274,video_1743082272,23,479,144,1702,1063
1743082274,video_1743082272,23,1,424,409,1063
1743082274,video_1743082272,24,479,144,1702,1063
1743082274,video_1743082272,24,1,413,407,1064
1743082274,video_1743082272,25,480,145,1702,1062
1743082274,video_1743082272,25,2,399,402,1066
1743082274,video_1743082272,26,479,144,1702,1063
1743082274,video_1743082272,26,1,386,398,1065
1743082274,video_1743082272,27,479,145,1702,1063
1743082274,video_1743082272,27,1,375,393,1066
1743082274,video_1743082272,28,479,144,1703,1063
1743082274,video_1743082272,28,1,356,387,1066
1743082274,video_1743082272,29,479,145,1703,1062
1743082274,video_1743082272,29,1,341,375,1065
1743082275,video_1743082272,30,479,145,1703,1063
1743082275,video_1743082272,30,1,331,362,1067
1743082275,video_1743082272,31,480,144,1702,1061
1743082275,video_1743082272,31,1,312,349,1066
1743082275,video_1743082272,32,480,144,1702,1061
1743082275,video_1743082272,32,1,289,339,1066
1743082275,video_1743082272,33,477,144,1704,1063
1743082275,video_1743082272,33,1,277,335,1065
1743082275,video_1743082272,34,478,145,1703,1063
1743082275,video_1743082272,34,1,275,324,1066
1743082275,video_1743082272,35,479,145,1703,1063
1743082275,video_1743082272,35,1,270,322,1066
1743082275,video_1743082272,36,478,143,1704,1064
1743082275,video_1743082272,36,1,276,319,1067
1743082275,video_1743082272,37,480,144,1702,1063
1743082275,video_1743082272,37,1,282,317,1065
1743082275,video_1743082272,38,479,145,1702,1063
1743082275,video_1743082272,38,1,293,317,1066
1743082275,video_1743082272,39,481,144,1703,1063
1743082275,video_1743082272,39,1,290,317,1065
1743082289,video_1743082289,0,492,246,1650,1064
1743082289,video_1743082289,0,1,463,363,1071
1743082289,video_1743082289,1,491,246,1652,1064
1743082289,video_1743082289,1,1,465,364,1071
1743082289,video_1743082289,2,488,247,1652,1064
1743082289,video_1743082289,2,1,467,364,1069
1743082289,video_1743082289,3,485,247,1652,1065
1743082289,video_1743082289,3,1,472,363,1070
1743082289,video_1743082289,4,473,247,1652,1065
1743082289,video_1743082289,4,1,469,363,1071
1743082289,video_1743082289,5,467,248,1652,1066
1743082289,video_1743082289,5,1,477,363,1072
1743082289,video_1743082289,6,462,247,1651,1065
1743082289,video_1743082289,6,1,477,362,1072
1743082289,video_1743082289,7,458,245,1650,1065
1743082289,video_1743082289,7,1,475,361,1072
1743082289,video_1743082289,8,455,246,1649,1065
1743082289,video_1743082289,8,1,474,361,1072
1743082289,video_1743082289,9,452,246,1649,1065
1743082289,video_1743082289,9,1,474,361,1072
1743082289,video_1743082289,10,451,246,1648,1064
1743082289,video_1743082289,10,1,476,359,1072
1743082290,video_1743082289,11,450,246,1649,1065
1743082290,video_1743082289,11,1,479,359,1072
1743082290,video_1743082289,12,450,247,1648,1065
1743082290,video_1743082289,12,1,478,359,1072
1743082290,video_1743082289,13,451,247,1647,1065
1743082290,video_1743082289,13,1,477,360,1070
1743082290,video_1743082289,14,451,247,1646,1065
1743082290,video_1743082289,14,1,476,359,1070
1743082290,video_1743082289,15,450,247,1647,1065
1743082290,video_1743082289,15,1,475,360,1071
1743082290,video_1743082289,16,450,247,1646,1065
1743082290,video_1743082289,16,1,475,360,1071
1743082290,video_1743082289,17,450,247,1645,1065
1743082290,video_1743082289,17,1,475,360,1071
1743082290,video_1743082289,18,450,247,1646,1065
1743082290,video_1743082289,18,1,473,361,1070
1743082290,video_1743082289,19,450,247,1645,1065
1743082290,video_1743082289,19,1,474,360,1070
1743082290,video_1743082289,20,450,247,1645,1065
1743082290,video_1743082289,20,1,474,360,1070
1743082290,video_1743082289,21,450,246,1645,1065
1743082290,video_1743082289,21,1,474,360,1070
1743082290,video_1743082289,22,450,246,1646,1065
1743082290,video_1743082289,22,1,473,360,1070
1743082290,video_1743082289,23,450,246,1646,1065
1743082290,video_1743082289,23,1,472,360,1070
1743082290,video_1743082289,24,450,245,1646,1065
1743082290,video_1743082289,24,1,468,363,1070
1743082291,video_1743082289,25,451,244,1646,1065
1743082291,video_1743082289,25,1,460,362,1069
1743082291,video_1743082289,26,451,244,1646,1065
1743082291,video_1743082289,26,1,456,362,1068
1743082291,video_1743082289,27,451,244,1645,1065
1743082291,video_1743082289,27,1,458,362,1070
1743082291,video_1743082289,28,449,244,1646,1065
1743082291,video_1743082289,28,1,452,362,1071
1743082291,video_1743082289,29,450,245,1645,1065
1743082291,video_1743082289,29,1,454,364,1071
1743082291,video_1743082289,30,451,245,1645,1065
1743082291,video_1743082289,30,1,455,363,1073
1743082291,video_1743082289,31,450,245,1645,1065
1743082291,video_1743082289,31,1,455,363,1072
1743082291,video_1743082289,32,450,245,1644,1065
1743082291,video_1743082289,32,1,453,363,1071
1743082291,video_1743082289,33,451,245,1644,1065
1743082291,video_1743082289,33,1,454,365,1070
1743082291,video_1743082289,34,451,245,1645,1065
1743082291,video_1743082289,34,1,451,365,1072
1743082291,video_1743082289,35,451,245,1644,1065
1743082291,video_1743082289,35,1,451,370,1070
1743082291,video_1743082289,36,450,245,1645,1065
1743082291,video_1743082289,36,1,450,370,1072
1743082291,video_1743082289,37,449,245,1645,1064
1743082291,video_1743082289,37,1,450,372,1073
1743082291,video_1743082289,38,450,245,1645,1064
1743082291,video_1743082289,38,1,451,373,1073
1743082292,video_1743082289,39,449,245,1644,1064
1743082292,video_1743082289,39,1,450,375,1072
1743082292,video_1743082289,40,449,245,1644,1064
1743082292,video_1743082289,40,1,449,374,1072
1743082292,video_1743082289,41,449,246,1644,1064
1743082292,video_1743082289,41,1,449,375,1071
1743082292,video_1743082289,42,449,246,1644,1065
1743082292,video_1743082289,42,1,448,374,1071
1743082292,video_1743082289,43,449,246,1644,1065
1743082292,video_1743082289,43,1,448,374,1071
1743082292,video_1743082289,44,450,246,1645,1065
1743082292,video_1743082289,44,1,449,374,1071
1743082292,video_1743082289,45,449,246,1645,1065
1743082292,video_1743082289,45,1,449,374,1071
1743082292,video_1743082289,46,450,246,1644,1065
1743082292,video_1743082289,46,1,449,374,1071
1743082292,video_1743082289,47,449,246,1644,1065
1743082292,video_1743082289,47,1,451,374,1071
1743082292,video_1743082289,48,450,247,1643,1065
1743082292,video_1743082289,48,1,452,374,1071
1743082292,video_1743082289,49,449,246,1643,1065
1743082292,video_1743082289,49,1,453,374,1071
1743082292,video_1743082289,50,449,246,1643,1065
1743082292,video_1743082289,50,1,452,373,1071
1743082292,video_1743082289,51,449,245,1644,1064
1743082292,video_1743082289,51,1,453,374,1071
1743082292,video_1743082289,52,447,243,1644,1063
1743082292,video_1743082289,52,1,454,373,1071
1743082293,video_1743082289,53,446,243,1644,1064
1743082293,video_1743082289,53,1,454,373,1071
1743082293,video_1743082289,54,446,246,1644,1064
1743082293,video_1743082289,54,1,454,373,1071
1743082293,video_1743082289,55,449,247,1647,1067
1743082293,video_1743082289,55,1,454,373,1071
1743082293,video_1743082289,56,450,248,1645,1066
1743082293,video_1743082289,56,1,455,373,1071
1743082293,video_1743082289,57,450,250,1645,1066
1743082293,video_1743082289,57,1,455,373,1071
1743082293,video_1743082289,58,450,250,1646,1066
1743082293,video_1743082289,58,1,454,372,1070
1743082293,video_1743082289,59,448,248,1644,1064
1743082293,video_1743082289,59,1,453,372,1070
1743082293,video_1743082289,60,451,249,1645,1066
1743082293,video_1743082289,60,1,451,373,1071
1743082293,video_1743082289,61,450,250,1646,1066
1743082293,video_1743082289,61,1,449,374,1071
1743082293,video_1743082289,62,446,249,1643,1063
1743082293,video_1743082289,62,1,444,373,1070
1743082293,video_1743082289,63,446,249,1644,1064
1743082293,video_1743082289,63,1,442,376,1069
1743082293,video_1743082289,64,445,250,1645,1064
1743082293,video_1743082289,64,1,447,373,1072
1743082293,video_1743082289,65,449,251,1648,1066
1743082293,video_1743082289,65,1,445,376,1071
1743082293,video_1743082289,66,446,248,1646,1064
1743082293,video_1743082289,66,1,444,374,1071
1743082294,video_1743082289,67,446,249,1647,1064
1743082294,video_1743082289,67,1,441,377,1071
1743082294,video_1743082289,68,446,248,1648,1064
1743082294,video_1743082289,68,1,439,378,1072
1743082294,video_1743082289,69,448,249,1649,1067
1743082294,video_1743082289,69,1,441,380,1072
1743082294,video_1743082289,70,448,249,1650,1067
1743082294,video_1743082289,70,1,437,379,1072
1743082294,video_1743082289,71,446,248,1649,1064
1743082294,video_1743082289,71,1,435,376,1072
1743082294,video_1743082289,72,446,247,1648,1064
1743082294,video_1743082289,72,1,431,373,1070
1743082294,video_1743082289,73,447,248,1648,1065
1743082294,video_1743082289,73,1,434,366,1071
1743082294,video_1743082289,74,446,247,1648,1064
1743082294,video_1743082289,74,1,435,362,1069
1743082294,video_1743082289,75,450,248,1649,1067
1743082294,video_1743082289,75,1,440,358,1070
1743082294,video_1743082289,76,450,247,1651,1067
1743082294,video_1743082289,76,1,445,358,1071
1743082294,video_1743082289,77,446,248,1649,1065
1743082294,video_1743082289,77,1,447,355,1070
1743082294,video_1743082289,78,447,248,1648,1065
1743082294,video_1743082289,78,0,448,350,1070
1743082294,video_1743082289,79,447,248,1648,1064
1743082294,video_1743082289,79,1,449,346,1069
1743082294,video_1743082289,80,447,249,1648,1064
1743082294,video_1743082289,80,1,441,347,1070
1743082295,video_1743082289,81,447,249,1647,1063
1743082295,video_1743082289,81,1,430,352,1068
1743082295,video_1743082289,82,449,248,1648,1064
1743082295,video_1743082289,82,1,429,359,1074
1743082491,video_1743082491,0,374,109,1675,1062
1743082491,video_1743082491,0,1,356,264,1054
1743082492,video_1743082491,1,372,109,1675,1063
1743082492,video_1743082491,1,1,581,258,1062
1743082492,video_1743082491,2,373,107,1678,1066
1743082492,video_1743082491,2,1,580,259,1061
1743082492,video_1743082491,3,372,109,1675,1063
1743082492,video_1743082491,3,1,581,260,1061
1743082492,video_1743082491,4,374,108,1679,1065
1743082492,video_1743082491,4,1,579,261,1059
1743082492,video_1743082491,5,371,108,1675,1062
1743082492,video_1743082491,5,1,572,261,1058
1743082492,video_1743082491,5,0,349,261,1057
1743082492,video_1743082491,6,373,108,1678,1065
1743082492,video_1743082491,6,1,353,262,1056
1743082492,video_1743082491,6,1,575,263,1055
1743082492,video_1743082491,7,371,109,1675,1062
1743082492,video_1743082491,7,0,355,263,1053
1743082492,video_1743082491,7,1,570,262,1054
1743082492,video_1743082491,8,373,108,1678,1065
1743082492,video_1743082491,8,1,352,262,1054
1743082492,video_1743082491,8,1,568,262,1054
1743082492,video_1743082491,9,373,108,1679,1064
1743082492,video_1743082491,9,0,333,263,1053
1743082492,video_1743082491,9,1,574,263,1054
1743082493,video_1743082491,10,371,110,1674,1062
1743082493,video_1743082491,10,1,347,262,1055
1743082493,video_1743082491,10,1,572,263,1054
1743082493,video_1743082491,11,371,110,1675,1062
1743082493,video_1743082491,11,1,343,263,1053
1743082493,video_1743082491,12,371,110,1675,1062
1743082493,video_1743082491,12,1,368,263,1053
1743082493,video_1743082491,13,371,110,1674,1062
1743082493,video_1743082491,13,1,372,264,1053
1743082493,video_1743082491,14,372,110,1676,1061
1743082493,video_1743082491,14,1,370,263,1053
1743082493,video_1743082491,15,374,108,1678,1064
1743082493,video_1743082491,15,1,377,263,1053
1743082493,video_1743082491,16,372,109,1674,1061
1743082493,video_1743082491,16,1,379,263,1054
1743082493,video_1743082491,17,373,108,1678,1064
1743082493,video_1743082491,17,1,374,263,1053
1743082493,video_1743082491,18,373,108,1677,1064
1743082493,video_1743082491,18,1,369,263,1053
1743082493,video_1743082491,19,373,108,1676,1064
1743082493,video_1743082491,19,1,363,263,1053
1743082493,video_1743082491,20,373,108,1677,1064
1743082493,video_1743082491,20,1,339,263,1053
1743082493,video_1743082491,21,373,108,1678,1064
1743082493,video_1743082491,21,1,368,264,1053
1743082493,video_1743082491,22,373,108,1677,1064
1743082493,video_1743082491,22,1,361,263,1054
1743082493,video_1743082491,23,372,108,1677,1064
1743082493,video_1743082491,23,1,335,263,1055
1743082493,video_1743082491,24,373,109,1675,1064
1743082493,video_1743082491,24,1,318,263,1053
1743082494,video_1743082491,25,373,108,1678,1065
1743082494,video_1743082491,25,1,333,264,1054
1743082494,video_1743082491,26,372,106,1680,1065
1743082494,video_1743082491,26,0,314,264,1053
1743082494,video_1743082491,27,371,105,1675,1064
1743082494,video_1743082491,27,1,343,263,1053
1743082494,video_1743082491,28,370,107,1822,1063
1743082494,video_1743082491,28,1,330,263,1054
1743082494,video_1743082491,29,373,110,1911,1064
1743082494,video_1743082491,29,1,353,263,1055
1743082494,video_1743082491,30,369,112,1880,1062
1743082494,video_1743082491,30,0,361,263,1056
1743082494,video_1743082491,31,368,115,1852,1062
1743082494,video_1743082491,31,1,359,264,1057
1743082494,video_1743082491,32,371,117,1814,1063
1743082494,video_1743082491,32,1,364,264,1059
1743082494,video_1743082491,33,371,119,1816,1063
1743082494,video_1743082491,33,1,359,264,1056
1743082494,video_1743082491,34,372,120,1827,1064
1743082494,video_1743082491,34,0,358,264,1058
1743082494,video_1743082491,35,372,120,1820,1064
1743082494,video_1743082491,35,1,350,264,1057
1743082494,video_1743082491,36,372,121,1842,1066
1743082494,video_1743082491,36,1,351,264,1058
1743082494,video_1743082491,37,373,121,1878,1065
1743082494,video_1743082491,37,1,354,265,1058
1743082494,video_1743082491,38,373,121,1873,1065
1743082494,video_1743082491,38,1,346,265,1058
1743082494,video_1743082491,39,374,121,1851,1065
1743082494,video_1743082491,39,1,350,265,1057
1743082494,video_1743082491,40,373,121,1831,1066
1743082494,video_1743082491,40,0,342,265,1057
1743082494,video_1743082491,41,373,121,1834,1065
1743082494,video_1743082491,41,0,345,265,1057
1743082494,video_1743082491,42,373,120,1840,1066
1743082494,video_1743082491,42,0,337,265,1058
1743082494,video_1743082491,43,374,120,1877,1066
1743082494,video_1743082491,43,0,335,266,1058
1743082495,video_1743082491,44,373,120,1915,1063
1743082495,video_1743082491,44,0,341,265,1058
1743082495,video_1743082491,45,374,119,1911,1062
1743082495,video_1743082491,45,0,341,266,1057
1743082495,video_1743082491,46,374,119,1902,1060
1743082495,video_1743082491,46,0,339,266,1055
1743082495,video_1743082491,47,374,119,1913,1060
1743082495,video_1743082491,47,0,346,266,1055
1743082495,video_1743082491,48,372,120,1920,1058
1743082495,video_1743082491,48,0,345,266,1055
1743082495,video_1743082491,49,372,122,1920,1060
1743082495,video_1743082491,49,0,340,266,1055
1743082495,video_1743082491,50,370,123,1920,1059
1743082495,video_1743082491,50,0,341,267,1055
1743082495,video_1743082491,51,370,129,1909,1061
1743082495,video_1743082491,51,0,345,266,1056
1743082495,video_1743082491,52,369,129,1884,1060
1743082495,video_1743082491,52,0,347,265,1056
1743082495,video_1743082491,53,374,134,1868,1059
1743082495,video_1743082491,53,0,349,265,1058
1743082495,video_1743082491,54,380,137,1863,1061
1743082495,video_1743082491,54,0,352,265,1058
1743082495,video_1743082491,55,3,149,1854,1064
1743082495,video_1743082491,55,1,352,267,1057
1743082495,video_1743082491,56,179,146,1851,1063
1743082495,video_1743082491,56,0,355,261,1055
1743082495,video_1743082491,57,188,152,1833,1062
1743082495,video_1743082491,57,0,358,246,1054
1743082495,video_1743082491,58,179,155,1822,1060
1743082495,video_1743082491,58,0,359,243,1055
1743082495,video_1743082491,59,182,166,1813,1060
1743082495,video_1743082491,59,0,353,245,1053
1743082495,video_1743082491,60,179,167,1809,1061
1743082495,video_1743082491,60,0,355,245,1053
1743082496,video_1743082491,61,202,181,1804,1066
1743082496,video_1743082491,61,0,353,248,1054
1743082496,video_1743082491,62,215,180,1806,1064
1743082496,video_1743082491,62,0,355,248,1054
1743082496,video_1743082491,63,208,185,1809,1064
1743082496,video_1743082491,63,0,361,249,1055
1743082496,video_1743082491,64,191,188,1808,1066
1743082496,video_1743082491,64,0,358,247,1053
1743082496,video_1743082491,65,198,188,1810,1066
1743082496,video_1743082491,65,0,354,246,1056
1743082496,video_1743082491,66,196,185,1814,1063
1743082496,video_1743082491,66,0,343,245,1055
1743082496,video_1743082491,67,194,190,1813,1067
1743082496,video_1743082491,67,0,365,244,1056
1743082496,video_1743082491,68,203,188,1815,1063
1743082496,video_1743082491,68,0,364,245,1056
1743082496,video_1743082491,69,209,190,1814,1063
1743082496,video_1743082491,69,0,354,244,1056
1743082496,video_1743082491,70,207,191,1812,1064
1743082496,video_1743082491,70,0,360,243,1057
1743082496,video_1743082491,71,203,192,1812,1064
1743082496,video_1743082491,71,0,378,241,1056
1743082496,video_1743082491,72,211,193,1812,1064
1743082496,video_1743082491,72,0,374,241,1055
1743082496,video_1743082491,73,207,192,1810,1063
1743082496,video_1743082491,73,0,374,240,1055
1743082496,video_1743082491,74,203,193,1808,1063
1743082496,video_1743082491,74,0,372,240,1055
1743082496,video_1743082491,75,219,189,1808,1061
1743082496,video_1743082491,75,0,373,242,1054
1743082496,video_1743082491,76,222,193,1807,1064
1743082496,video_1743082491,76,0,374,243,1054
1743082496,video_1743082491,77,219,188,1806,1062
1743082496,video_1743082491,77,0,374,242,1054
1743082496,video_1743082491,78,208,190,1807,1063
1743082496,video_1743082491,78,0,372,241,1054
1743082497,video_1743082491,79,207,190,1807,1062
1743082497,video_1743082491,79,0,372,242,1054
1743082497,video_1743082491,80,208,195,1807,1064
1743082497,video_1743082491,80,0,373,243,1054
1743082497,video_1743082491,81,212,195,1805,1064
1743082497,video_1743082491,81,0,374,244,1055
1743082497,video_1743082491,82,214,196,1804,1064
1743082497,video_1743082491,82,0,372,244,1055
1743082497,video_1743082491,83,214,196,1805,1063
1743082497,video_1743082491,83,0,373,243,1056
1743082497,video_1743082491,84,213,195,1807,1064
1743082497,video_1743082491,84,0,372,241,1058
1743082497,video_1743082491,85,211,194,1810,1064
1743082497,video_1743082491,85,0,371,241,1059
1743082497,video_1743082491,86,211,193,1808,1063
1743082497,video_1743082491,86,0,371,241,1059
1743082497,video_1743082491,87,208,195,1807,1063
1743082497,video_1743082491,87,0,370,240,1060
1743082497,video_1743082491,88,209,195,1805,1063
1743082497,video_1743082491,88,0,371,240,1059
1743082497,video_1743082491,89,211,191,1802,1062
1743082497,video_1743082491,89,0,370,240,1057
1743082497,video_1743082491,90,218,190,1803,1061
1743082497,video_1743082491,90,0,370,245,1054
1743082497,video_1743082491,91,248,189,1777,1060
1743082497,video_1743082491,91,0,375,259,1056
1743082497,video_1743082491,92,255,184,1747,1061
1743082497,video_1743082491,92,0,370,264,1054
1743082497,video_1743082491,93,247,188,1689,1066
1743082497,video_1743082491,93,0,365,266,1057
1743082497,video_1743082491,94,299,185,1645,1066
1743082497,video_1743082491,94,0,356,268,1059
1743082497,video_1743082491,95,315,185,1642,1071
1743082497,video_1743082491,95,1,333,268,1058
1743082498,video_1743082491,96,1,329,271,1058
1743082498,video_1743082491,96,311,182,1639,1074
1743082498,video_1743082491,97,410,184,1650,1067
1743082498,video_1743082491,97,0,324,277,1059
1743082498,video_1743082491,98,424,184,1650,1068
1743082498,video_1743082491,98,0,322,279,1059
1743082498,video_1743082491,99,426,180,1654,1068
1743082498,video_1743082491,99,0,316,281,1059
1743082498,video_1743082491,100,429,178,1660,1067
1743082498,video_1743082491,100,0,314,283,1060
1743082498,video_1743082491,101,428,173,1667,1064
1743082498,video_1743082491,101,0,301,284,1060
1743082498,video_1743082491,102,423,158,1670,1065
1743082498,video_1743082491,102,0,292,285,1060
1743082498,video_1743082491,103,422,157,1670,1061
1743082498,video_1743082491,103,0,289,284,1061
1743082498,video_1743082491,104,421,145,1678,1064
1743082498,video_1743082491,104,0,287,285,1060
1743082498,video_1743082491,105,417,133,1699,1065
1743082498,video_1743082491,105,0,287,285,1061
1743082498,video_1743082491,106,418,126,1710,1062
1743082498,video_1743082491,106,0,290,284,1060
1743082498,video_1743082491,107,418,114,1730,1066
1743082498,video_1743082491,107,1,300,285,1062
1743082498,video_1743082491,108,419,113,1732,1063
1743082498,video_1743082491,108,0,304,285,1058
1743082498,video_1743082491,109,413,104,1742,1065
1743082498,video_1743082491,109,0,310,284,1057
1743082498,video_1743082491,110,412,104,1746,1062
1743082498,video_1743082491,110,0,314,284,1057
1743082498,video_1743082491,111,411,102,1753,1064
1743082498,video_1743082491,111,0,315,285,1057
1743082499,video_1743082491,112,401,99,1755,1064
1743082499,video_1743082491,112,0,317,282,1060
1743082499,video_1743082491,113,401,99,1756,1063
1743082499,video_1743082491,113,0,317,282,1058
1743082499,video_1743082491,114,398,100,1756,1063
1743082499,video_1743082491,114,0,317,282,1060
1743082499,video_1743082491,115,398,102,1756,1062
1743082499,video_1743082491,115,0,319,281,1060
1743082499,video_1743082491,116,397,101,1758,1066
1743082499,video_1743082491,116,0,321,280,1060
1743082499,video_1743082491,117,396,102,1756,1063
1743082499,video_1743082491,117,0,323,279,1059
1743082499,video_1743082491,118,397,102,1757,1063
1743082499,video_1743082491,118,1,323,278,1059
1743082499,video_1743082491,119,397,103,1755,1064
1743082499,video_1743082491,119,1,323,280,1059
1743082499,video_1743082491,120,398,102,1755,1065
1743082499,video_1743082491,120,1,324,279,1059
1743082499,video_1743082491,121,391,101,1756,1065
1743082499,video_1743082491,121,1,325,280,1059
1743082499,video_1743082491,122,388,101,1757,1062
1743082499,video_1743082491,122,0,324,282,1058
1743082499,video_1743082491,123,395,98,1756,1063
1743082499,video_1743082491,123,0,325,279,1059
1743082499,video_1743082491,124,395,98,1757,1063
1743082499,video_1743082491,124,0,324,280,1059
1743082499,video_1743082491,125,394,98,1758,1063
1743082499,video_1743082491,125,0,325,276,1060
1743082499,video_1743082491,126,393,100,1759,1065
1743082499,video_1743082491,126,0,325,277,1060
1743082499,video_1743082491,127,394,103,1758,1063
1743082499,video_1743082491,127,1,329,277,1057
1743082500,video_1743082491,128,397,104,1758,1063
1743082500,video_1743082491,128,1,340,276,1057
1743082500,video_1743082491,129,395,102,1756,1063
1743082500,video_1743082491,129,1,341,278,1058
1743082500,video_1743082491,130,392,100,1758,1062
1743082500,video_1743082491,130,0,343,278,1059
1743082500,video_1743082491,131,390,101,1757,1062
1743082500,video_1743082491,131,0,342,277,1060
1743082500,video_1743082491,132,393,102,1755,1063
1743082500,video_1743082491,132,0,340,281,1060
1743082500,video_1743082491,133,394,101,1756,1062
1743082500,video_1743082491,133,0,341,279,1061
1743082500,video_1743082491,134,395,102,1756,1064
1743082500,video_1743082491,134,0,340,274,1059
1743082500,video_1743082491,135,396,104,1755,1063
1743082500,video_1743082491,135,0,348,281,1059
1743082500,video_1743082491,136,393,101,1756,1062
1743082500,video_1743082491,136,0,362,279,1058
1743082500,video_1743082491,137,399,99,1755,1061
1743082500,video_1743082491,137,0,352,278,1058
1743082500,video_1743082491,138,400,102,1754,1061
1743082500,video_1743082491,138,0,355,278,1059
1743082500,video_1743082491,139,393,102,1753,1062
1743082500,video_1743082491,139,0,390,277,1058
1743082500,video_1743082491,140,401,101,1753,1063
1743082500,video_1743082491,140,0,397,276,1058
1743082500,video_1743082491,141,395,101,1755,1064
1743082500,video_1743082491,141,0,385,274,1057
1743082500,video_1743082491,142,392,101,1754,1063
1743082500,video_1743082491,142,1,400,270,1057
1743082500,video_1743082491,143,392,101,1755,1063
1743082500,video_1743082491,143,0,408,268,1058
1743082501,video_1743082491,144,390,100,1754,1063
1743082501,video_1743082491,144,1,585,263,1060
1743082501,video_1743082491,145,389,99,1755,1063
1743082501,video_1743082491,145,1,588,258,1061
1743082501,video_1743082491,146,390,97,1756,1064
1743082501,video_1743082491,146,1,590,252,1061
1743082501,video_1743082491,147,390,99,1755,1064
1743082501,video_1743082491,147,0,593,250,1060
1743082501,video_1743082491,148,386,98,1757,1063
1743082501,video_1743082491,148,1,592,243,1063
1743082501,video_1743082491,149,386,97,1756,1063
1743082501,video_1743082491,149,1,595,241,1059
1743082501,video_1743082491,150,388,99,1756,1063
1743082501,video_1743082491,150,0,596,236,1061
1743082501,video_1743082491,151,389,99,1757,1063
1743082501,video_1743082491,151,0,597,234,1062
1743082501,video_1743082491,152,388,98,1759,1062
1743082501,video_1743082491,152,1,599,231,1055
1743082501,video_1743082491,153,387,98,1759,1062
1743082501,video_1743082491,153,0,599,231,1059
1743082501,video_1743082491,154,385,98,1753,1061
1743082501,video_1743082491,154,1,597,229,1057
1743082501,video_1743082491,155,387,97,1758,1062
1743082501,video_1743082491,155,1,599,229,1058
1743082501,video_1743082491,156,387,97,1759,1063
1743082501,video_1743082491,156,1,597,228,1060
1743082501,video_1743082491,157,387,97,1753,1061
1743082501,video_1743082491,157,1,601,228,1060
1743082502,video_1743082491,158,388,98,1751,1060
1743082502,video_1743082491,158,0,602,229,1064
1743082502,video_1743082491,159,388,98,1754,1061
1743082502,video_1743082491,159,1,603,227,1059
1743082502,video_1743082491,160,391,97,1751,1059
1743082502,video_1743082491,160,1,599,228,1058
1743082502,video_1743082491,161,391,103,1756,1061
1743082502,video_1743082491,161,1,599,228,1060
1743082502,video_1743082491,162,392,103,1754,1061
1743082502,video_1743082491,162,1,600,228,1057
1743082502,video_1743082491,163,391,102,1752,1061
1743082502,video_1743082491,163,1,600,228,1057
1743082502,video_1743082491,164,394,101,1750,1061
1743082502,video_1743082491,164,1,599,229,1057
1743082502,video_1743082491,165,394,103,1752,1061
1743082502,video_1743082491,165,1,600,230,1058
1743082502,video_1743082491,166,394,102,1751,1061
1743082502,video_1743082491,166,1,600,231,1057
1743083275,video_1743083275,0,427,202,1673,1065
1743083275,video_1743083275,0,0,384,256,1058
1743083275,video_1743083275,1,427,200,1671,1065
1743083275,video_1743083275,1,0,385,255,1059
1743083275,video_1743083275,2,427,199,1671,1064
1743083275,video_1743083275,2,0,384,255,1059
1743083275,video_1743083275,3,426,199,1671,1065
1743083275,video_1743083275,3,0,384,255,1060
1743083275,video_1743083275,4,427,199,1671,1065
1743083275,video_1743083275,4,0,384,255,1060
1743083276,video_1743083275,5,427,199,1671,1065
1743083276,video_1743083275,5,0,384,255,1060
1743083276,video_1743083275,6,427,199,1672,1065
1743083276,video_1743083275,6,0,384,255,1060
1743083277,video_1743083275,7,428,198,1671,1062
1743083277,video_1743083275,7,0,383,254,1058
1743083277,video_1743083275,8,428,196,1673,1064
1743083277,video_1743083275,8,0,383,254,1058
1743083277,video_1743083275,9,427,197,1670,1062
1743083277,video_1743083275,9,0,383,254,1058
1743083277,video_1743083275,10,427,197,1670,1062
1743083277,video_1743083275,10,0,383,253,1059
1743083277,video_1743083275,11,427,198,1672,1062
1743083277,video_1743083275,11,0,384,254,1058
1743083277,video_1743083275,12,426,197,1670,1062
1743083277,video_1743083275,12,0,384,253,1059
1743083277,video_1743083275,13,427,198,1671,1062
1743083277,video_1743083275,13,0,384,253,1058
1743083277,video_1743083275,14,428,198,1670,1062
1743083277,video_1743083275,14,0,384,254,1058
1743083278,video_1743083275,15,428,197,1670,1062
1743083278,video_1743083275,15,0,385,254,1058
1743083278,video_1743083275,16,428,198,1670,1062
1743083278,video_1743083275,16,0,384,254,1058
1743083278,video_1743083275,17,428,198,1669,1062
1743083278,video_1743083275,17,0,383,254,1058
1743083278,video_1743083275,18,428,198,1669,1062
1743083278,video_1743083275,18,0,385,254,1058
1743083278,video_1743083275,19,428,199,1669,1062
1743083278,video_1743083275,19,0,384,254,1059
1743083278,video_1743083275,20,427,198,1669,1062
1743083278,video_1743083275,20,0,386,254,1058
1743083278,video_1743083275,21,427,198,1669,1062
1743083278,video_1743083275,21,0,387,254,1058
1743083278,video_1743083275,22,427,198,1670,1062
1743083278,video_1743083275,22,0,387,254,1058
1743083278,video_1743083275,23,427,199,1670,1062
1743083278,video_1743083275,23,0,386,253,1060
1743083278,video_1743083275,24,428,198,1670,1062
1743083278,video_1743083275,24,0,386,253,1059
1743083278,video_1743083275,25,428,199,1669,1062
1743083278,video_1743083275,25,0,388,253,1059
1743083278,video_1743083275,26,428,199,1669,1062
1743083278,video_1743083275,26,0,389,253,1058
1743083278,video_1743083275,27,428,198,1669,1062
1743083278,video_1743083275,27,0,388,253,1058
1743083278,video_1743083275,28,428,199,1670,1062
1743083278,video_1743083275,28,0,388,253,1058
1743083278,video_1743083275,29,428,198,1670,1062
1743083278,video_1743083275,29,0,388,253,1058
1743083278,video_1743083275,30,427,199,1670,1062
1743083278,video_1743083275,30,0,388,253,1058
1743083278,video_1743083275,31,429,198,1672,1064
1743083278,video_1743083275,31,0,388,253,1058
1743083278,video_1743083275,32,427,198,1670,1062
1743083278,video_1743083275,32,0,389,253,1058
1743083278,video_1743083275,33,428,198,1669,1061
1743083278,video_1743083275,33,0,387,254,1058
1743083278,video_1743083275,34,427,198,1671,1062
1743083278,video_1743083275,34,0,387,253,1058
1743083279,video_1743083275,35,427,198,1670,1062
1743083279,video_1743083275,35,0,387,253,1058
1743083279,video_1743083275,36,427,198,1669,1062
1743083279,video_1743083275,36,0,387,254,1058
1743083279,video_1743083275,37,427,198,1671,1062
1743083279,video_1743083275,37,0,387,254,1059
1743083279,video_1743083275,38,427,198,1671,1062
1743083279,video_1743083275,38,0,387,254,1058
1743083279,video_1743083275,39,427,198,1670,1062
1743083279,video_1743083275,39,0,387,253,1058
1743083279,video_1743083275,40,427,198,1670,1062
1743083279,video_1743083275,40,0,386,253,1058
1743083279,video_1743083275,41,427,198,1669,1062
1743083279,video_1743083275,41,0,387,253,1058
1743083279,video_1743083275,42,427,198,1670,1062
1743083279,video_1743083275,42,0,387,253,1058
1743083279,video_1743083275,43,428,198,1669,1062
1743083279,video_1743083275,43,0,388,253,1058
1743083279,video_1743083275,44,428,198,1668,1062
1743083279,video_1743083275,44,0,390,253,1058
1743083279,video_1743083275,45,427,199,1671,1062
1743083279,video_1743083275,45,0,391,253,1059
1743083279,video_1743083275,46,427,198,1671,1062
1743083279,video_1743083275,46,0,391,253,1058
1743083279,video_1743083275,47,426,198,1671,1062
1743083279,video_1743083275,47,0,391,253,1059
1743083279,video_1743083275,48,426,198,1670,1062
1743083279,video_1743083275,48,0,391,253,1058
1743083279,video_1743083275,49,426,198,1671,1062
1743083279,video_1743083275,49,0,393,253,1058
1743083279,video_1743083275,50,427,199,1670,1062
1743083279,video_1743083275,50,0,392,254,1058
1743083279,video_1743083275,51,426,199,1671,1062
1743083279,video_1743083275,51,0,390,253,1058
1743083279,video_1743083275,52,427,199,1670,1062
1743083279,video_1743083275,52,0,392,253,1058
1743083280,video_1743083275,53,427,199,1670,1062
1743083280,video_1743083275,53,0,390,253,1058
1743083280,video_1743083275,54,426,199,1671,1062
1743083280,video_1743083275,54,0,393,253,1057
1743083280,video_1743083275,55,426,199,1671,1062
1743083280,video_1743083275,55,0,393,253,1057
1743083280,video_1743083275,56,426,199,1670,1062
1743083280,video_1743083275,56,0,391,253,1057
1743083280,video_1743083275,57,427,199,1670,1062
1743083280,video_1743083275,57,0,392,253,1057
1743083280,video_1743083275,58,427,200,1670,1062
1743083280,video_1743083275,58,0,391,253,1057
1743083280,video_1743083275,59,427,200,1670,1063
1743083280,video_1743083275,59,0,395,253,1058
1743083280,video_1743083275,60,427,200,1670,1063
1743083280,video_1743083275,60,0,394,253,1058
1743083280,video_1743083275,61,428,200,1670,1062
1743083280,video_1743083275,61,0,394,253,1058
1743083280,video_1743083275,62,427,200,1670,1062
1743083280,video_1743083275,62,0,393,253,1057
1743083280,video_1743083275,63,427,200,1671,1062
1743083280,video_1743083275,63,0,394,253,1058
1743083280,video_1743083275,64,427,200,1671,1062
1743083280,video_1743083275,64,0,393,253,1057
1743083280,video_1743083275,65,427,199,1670,1063
1743083280,video_1743083275,65,0,395,253,1058
1743083280,video_1743083275,66,427,200,1670,1063
1743083280,video_1743083275,66,0,392,253,1058
1743083280,video_1743083275,67,427,199,1671,1062
1743083280,video_1743083275,67,0,396,253,1058
1743083280,video_1743083275,68,427,199,1671,1062
1743083280,video_1743083275,68,0,395,253,1059
1743083280,video_1743083275,69,427,199,1670,1062
1743083280,video_1743083275,69,0,398,252,1058
1743083280,video_1743083275,70,427,200,1670,1062
1743083280,video_1743083275,70,0,397,253,1058
1743083280,video_1743083275,71,428,200,1670,1062
1743083280,video_1743083275,71,0,402,252,1058
1743083280,video_1743083275,72,428,200,1670,1062
1743083280,video_1743083275,72,0,401,253,1057
1743083281,video_1743083275,73,428,201,1669,1062
1743083281,video_1743083275,73,0,397,252,1057
1743083281,video_1743083275,74,429,201,1669,1062
1743083281,video_1743083275,74,0,398,252,1057
1743083281,video_1743083275,75,428,202,1669,1062
1743083281,video_1743083275,75,0,395,252,1057
1743083281,video_1743083275,76,428,202,1669,1062
1743083281,video_1743083275,76,0,396,252,1057
1743083281,video_1743083275,77,429,202,1669,1062
1743083281,video_1743083275,77,0,399,252,1057
1743083281,video_1743083275,78,428,201,1668,1062
1743083281,video_1743083275,78,0,399,252,1056
1743083281,video_1743083275,79,429,201,1668,1062
1743083281,video_1743083275,79,0,396,252,1056
1743083281,video_1743083275,80,428,202,1669,1062
1743083281,video_1743083275,80,0,400,252,1057
1743083281,video_1743083275,81,428,201,1669,1062
1743083281,video_1743083275,81,0,396,252,1056
1743083281,video_1743083275,82,428,200,1667,1062
1743083281,video_1743083275,82,0,396,253,1057
1743083281,video_1743083275,83,428,200,1668,1062
1743083281,video_1743083275,83,0,397,252,1057
1743083281,video_1743083275,84,428,202,1670,1062
1743083281,video_1743083275,84,0,398,253,1057
1743083281,video_1743083275,85,429,201,1669,1061
1743083281,video_1743083275,85,0,400,253,1057
1743083281,video_1743083275,86,428,202,1669,1062
1743083281,video_1743083275,86,0,402,253,1057
1743083281,video_1743083275,87,429,201,1668,1062
1743083281,video_1743083275,87,0,400,253,1057
1743083281,video_1743083275,88,429,202,1667,1062
1743083281,video_1743083275,88,0,404,253,1056
1743083281,video_1743083275,89,429,202,1667,1062
1743083281,video_1743083275,89,0,403,253,1057
1743083281,video_1743083275,90,429,203,1667,1062
1743083281,video_1743083275,90,0,405,253,1057
1743083282,video_1743083275,91,429,202,1667,1062
1743083282,video_1743083275,91,0,404,253,1057
1743083282,video_1743083275,92,429,202,1667,1062
1743083282,video_1743083275,92,0,406,253,1056
1743083282,video_1743083275,93,429,201,1667,1062
1743083282,video_1743083275,93,0,404,253,1056
1743083282,video_1743083275,94,428,202,1666,1062
1743083282,video_1743083275,94,0,404,253,1057
1743083282,video_1743083275,95,427,201,1667,1062
1743083282,video_1743083275,95,0,407,253,1056
1743083282,video_1743083275,96,428,202,1667,1062
1743083282,video_1743083275,96,0,407,254,1056
1743083282,video_1743083275,97,428,202,1667,1062
1743083282,video_1743083275,97,0,408,253,1056
1743083282,video_1743083275,98,428,202,1667,1062
1743083282,video_1743083275,98,0,406,254,1056
1743083282,video_1743083275,99,428,203,1667,1062
1743083282,video_1743083275,99,0,409,253,1056
1743083282,video_1743083275,100,428,202,1667,1062
1743083282,video_1743083275,100,0,408,254,1057
1743083282,video_1743083275,101,428,202,1668,1062
1743083282,video_1743083275,101,0,407,254,1057
1743084308,video_1743084308,0,379,230,1553,1065
1743084308,video_1743084308,1,378,227,1559,1062
1743084308,video_1743084308,2,378,227,1560,1062
1743084308,video_1743084308,3,379,229,1556,1063
1743084308,video_1743084308,4,381,227,1557,1063
1743084309,video_1743084308,5,379,228,1555,1065
1743084309,video_1743084308,6,378,228,1555,1065
1743084309,video_1743084308,7,380,228,1556,1065
1743084309,video_1743084308,8,380,227,1557,1061
1743084309,video_1743084308,9,380,227,1557,1061
1743084309,video_1743084308,10,383,227,1555,1062
1743084309,video_1743084308,11,380,226,1556,1063
1743084309,video_1743084308,12,382,225,1554,1064
1743084309,video_1743084308,13,380,224,1559,1062
1743084309,video_1743084308,14,381,225,1556,1063
1743084309,video_1743084308,15,381,224,1555,1066
1743084309,video_1743084308,16,378,223,1556,1066
1743084309,video_1743084308,17,376,223,1556,1066
1743084309,video_1743084308,18,376,223,1555,1066
1743084309,video_1743084308,18,1,599,162,1070
1743084309,video_1743084308,19,376,223,1556,1066
1743084309,video_1743084308,19,1,599,162,1070
1743084310,video_1743084308,20,377,224,1555,1065
1743084310,video_1743084308,21,384,224,1555,1060
1743084310,video_1743084308,21,0,594,162,1068
1743084310,video_1743084308,22,385,225,1555,1062
1743084310,video_1743084308,23,384,226,1555,1065
1743084310,video_1743084308,24,385,225,1553,1065
1743084310,video_1743084308,25,383,225,1554,1064
1743084310,video_1743084308,26,383,224,1555,1061
1743084310,video_1743084308,27,383,225,1553,1065
1743084310,video_1743084308,28,383,226,1554,1065
1743084310,video_1743084308,29,382,226,1554,1065
1743084310,video_1743084308,30,380,225,1553,1064
1743084310,video_1743084308,31,381,223,1554,1061
1743084310,video_1743084308,32,379,222,1553,1065
1743084310,video_1743084308,33,377,222,1553,1065
1743084310,video_1743084308,34,379,221,1553,1065
1743084310,video_1743084308,35,377,221,1554,1066
1743084311,video_1743084308,36,376,222,1554,1067
1743084311,video_1743084308,37,376,222,1553,1067
1743084311,video_1743084308,38,378,222,1554,1066
1743084311,video_1743084308,39,378,222,1553,1066
1743084311,video_1743084308,39,1,602,161,1070
1743084311,video_1743084308,40,378,222,1554,1067
1743084311,video_1743084308,41,377,222,1554,1067
1743084311,video_1743084308,42,377,221,1555,1067
1743084311,video_1743084308,43,378,222,1556,1066
1743084311,video_1743084308,44,379,222,1554,1065
1743084311,video_1743084308,45,377,222,1554,1065
1743084311,video_1743084308,46,377,223,1555,1064
1743084311,video_1743084308,47,383,225,1556,1061
1743084311,video_1743084308,48,383,228,1557,1066
1743084311,video_1743084308,49,383,225,1556,1062
1743084311,video_1743084308,49,1,600,161,1070
1743084311,video_1743084308,50,383,227,1555,1063
1743084311,video_1743084308,51,380,228,1558,1063
1743084311,video_1743084308,52,383,227,1557,1062
1743084311,video_1743084308,52,1,601,160,1070
1743084312,video_1743084308,53,383,227,1556,1061
1743084312,video_1743084308,54,384,226,1557,1066
1743084312,video_1743084308,55,382,229,1557,1065
1743084312,video_1743084308,55,1,601,161,1070
1743084312,video_1743084308,56,382,230,1558,1065
1743084312,video_1743084308,57,379,229,1556,1065
1743084312,video_1743084308,58,379,231,1555,1064
1743084312,video_1743084308,59,379,232,1556,1065
1743084312,video_1743084308,60,378,232,1556,1064
1743084312,video_1743084308,61,378,231,1556,1066
1743084312,video_1743084308,61,1,601,159,1069
1743084312,video_1743084308,62,378,230,1557,1066
1743084312,video_1743084308,62,1,601,160,1069
1743084312,video_1743084308,63,380,229,1557,1066
1743084312,video_1743084308,63,1,601,160,1069
1743084312,video_1743084308,64,376,228,1558,1065
1743084312,video_1743084308,64,1,601,160,1069
1743084312,video_1743084308,65,373,230,1558,1065
1743084312,video_1743084308,65,1,600,160,1069
1743084312,video_1743084308,66,371,232,1557,1064
1743084312,video_1743084308,66,1,601,160,1069
1743084312,video_1743084308,67,371,231,1557,1065
1743084312,video_1743084308,67,1,600,160,1069
1743084312,video_1743084308,68,370,232,1559,1062
1743084312,video_1743084308,68,1,601,160,1069
1743084312,video_1743084308,69,372,234,1557,1064
1743084312,video_1743084308,69,1,601,160,1069
1743084312,video_1743084308,70,373,234,1557,1062
1743084312,video_1743084308,70,1,600,160,1069
1743084312,video_1743084308,71,373,233,1558,1064
1743084312,video_1743084308,71,1,602,160,1069
1743084313,video_1743084308,72,371,233,1557,1064
1743084313,video_1743084308,72,1,602,160,1069
1743084313,video_1743084308,73,369,232,1558,1065
1743084313,video_1743084308,73,1,602,160,1069
1743084313,video_1743084308,74,369,235,1558,1065
1743084313,video_1743084308,74,1,602,160,1070
1743084313,video_1743084308,75,369,235,1558,1065
1743084313,video_1743084308,75,1,601,160,1070
1743084313,video_1743084308,76,369,235,1558,1065
1743084313,video_1743084308,76,1,602,160,1070
1743084313,video_1743084308,77,369,237,1559,1065
1743084313,video_1743084308,77,1,601,160,1070
1743084313,video_1743084308,78,367,238,1558,1065
1743084313,video_1743084308,78,1,601,160,1069
1743084313,video_1743084308,79,366,238,1558,1065
1743084313,video_1743084308,79,1,601,161,1070
1743084313,video_1743084308,80,369,239,1559,1065
1743084313,video_1743084308,80,1,600,160,1070
1743084313,video_1743084308,81,368,237,1560,1065
1743084313,video_1743084308,82,368,238,1559,1065
1743084313,video_1743084308,82,1,601,160,1070
1743084313,video_1743084308,83,368,240,1559,1065
1743084313,video_1743084308,83,1,605,161,1071
1743084313,video_1743084308,84,368,238,1559,1065
1743084313,video_1743084308,85,369,237,1559,1065
1743084313,video_1743084308,86,370,237,1559,1065
1743084313,video_1743084308,87,369,238,1558,1065
1743084313,video_1743084308,87,1,601,159,1070
1743084314,video_1743084308,88,369,237,1559,1065
1743084314,video_1743084308,88,1,601,160,1071
1743084314,video_1743084308,89,369,237,1558,1065
1743084314,video_1743084308,90,370,237,1557,1065
1743084314,video_1743084308,91,370,238,1557,1064
1743084314,video_1743084308,92,371,238,1556,1064
1743084314,video_1743084308,92,1,599,158,1069
1743084314,video_1743084308,93,370,238,1556,1061
1743084314,video_1743084308,93,1,601,158,1069
1743084613,video_1743084613,0,329,168,379,306
1743084613,video_1743084613,1,329,168,378,307
1743084613,video_1743084613,2,329,168,378,307
1743084613,video_1743084613,3,329,169,378,307
1743084613,video_1743084613,4,329,169,378,307
1743084613,video_1743084613,4,444,114,482,172
1743084613,video_1743084613,5,329,169,377,307
1743084613,video_1743084613,5,444,114,482,173
1743084613,video_1743084613,6,329,169,378,307
1743084613,video_1743084613,6,444,114,482,172
1743084614,video_1743084613,7,329,169,378,307
1743084614,video_1743084613,7,445,113,482,168
1743084614,video_1743084613,8,329,168,378,307
1743084614,video_1743084613,8,444,113,481,172
1743084614,video_1743084613,9,329,169,378,307
1743084614,video_1743084613,9,444,114,482,168
1743084614,video_1743084613,10,329,169,378,307
1743084614,video_1743084613,10,444,113,481,169
1743084614,video_1743084613,11,329,170,377,307
1743084614,video_1743084613,11,444,114,482,168
1743084614,video_1743084613,12,329,170,377,306
1743084614,video_1743084613,13,328,171,377,306
1743084614,video_1743084613,14,328,172,379,307
1743084614,video_1743084613,15,328,172,379,310
1743084614,video_1743084613,16,328,173,378,311
1743084614,video_1743084613,16,444,113,479,170
1743084614,video_1743084613,17,328,173,379,311
1743084614,video_1743084613,18,328,174,378,313
1743084614,video_1743084613,19,328,176,378,317
1743084614,video_1743084613,20,328,176,378,319
1743084614,video_1743084613,21,328,178,378,320
1743084614,video_1743084613,22,328,178,379,320
1743084614,video_1743084613,23,328,180,378,320
1743084614,video_1743084613,24,327,182,377,319
1743084614,video_1743084613,25,327,182,377,319
1743084614,video_1743084613,26,326,184,378,319
1743084615,video_1743084613,27,326,184,379,319
1743084615,video_1743084613,27,444,114,482,170
1743084615,video_1743084613,28,325,184,380,319
1743084615,video_1743084613,28,444,115,482,173
1743084615,video_1743084613,29,324,185,380,319
1743084615,video_1743084613,29,444,115,482,174
1743084615,video_1743084613,30,324,187,383,320
1743084615,video_1743084613,30,444,114,482,172
1743084615,video_1743084613,31,323,187,384,319
1743084615,video_1743084613,31,444,115,482,171
1743084615,video_1743084613,32,323,188,385,319
1743084615,video_1743084613,32,444,114,482,170
1743084615,video_1743084613,33,322,188,388,318
1743084615,video_1743084613,33,444,114,482,171
1743084615,video_1743084613,34,322,189,391,318
1743084615,video_1743084613,34,445,114,483,168
1743084615,video_1743084613,35,322,190,393,320
1743084615,video_1743084613,35,444,114,482,169
1743084615,video_1743084613,36,322,191,394,322
1743084615,video_1743084613,36,445,113,482,170
1743084615,video_1743084613,37,322,192,394,326
1743084615,video_1743084613,37,445,112,482,167
1743084615,video_1743084613,38,323,194,390,330
1743084615,video_1743084613,38,445,113,481,167
1743084615,video_1743084613,39,323,195,387,333
1743084615,video_1743084613,39,445,113,481,168
1743084615,video_1743084613,40,324,197,387,338
1743084615,video_1743084613,40,444,113,480,168
1743084615,video_1743084613,41,324,198,389,342
1743084615,video_1743084613,41,445,113,480,168
1743084615,video_1743084613,42,324,199,385,343
1743084615,video_1743084613,42,445,113,481,169
1743084615,video_1743084613,43,324,200,384,342
1743084615,video_1743084613,44,326,202,387,347
1743084615,video_1743084613,44,444,113,482,169
1743084615,video_1743084613,45,326,202,387,346
1743084615,video_1743084613,46,326,203,387,346
1743084616,video_1743084613,47,326,204,388,347
1743084616,video_1743084613,48,326,204,388,346
1743084616,video_1743084613,48,445,113,481,170
1743084616,video_1743084613,49,326,206,386,347
1743084616,video_1743084613,49,445,113,482,173
1743084616,video_1743084613,50,327,207,386,347
1743084616,video_1743084613,50,445,113,481,172
1743084616,video_1743084613,51,326,209,388,348
1743084616,video_1743084613,51,444,112,482,170
1743084616,video_1743084613,52,327,210,389,350
1743084616,video_1743084613,52,444,113,482,173
1743084616,video_1743084613,53,327,211,389,357
1743084616,video_1743084613,53,444,112,482,172
1743084616,video_1743084613,54,327,213,389,361
1743084616,video_1743084613,54,444,111,481,174
1743084616,video_1743084613,55,327,214,389,363
1743084616,video_1743084613,55,444,113,481,174
1743084616,video_1743084613,56,326,215,389,363
1743084616,video_1743084613,56,445,113,481,173
1743084616,video_1743084613,57,326,217,390,363
1743084616,video_1743084613,57,445,112,481,174
1743084616,video_1743084613,58,326,220,390,363
1743084616,video_1743084613,58,445,113,481,173
1743084616,video_1743084613,59,325,223,390,364
1743084616,video_1743084613,59,444,112,481,173
1743084616,video_1743084613,60,324,225,390,364
1743084616,video_1743084613,60,445,110,481,169
1743084616,video_1743084613,61,324,227,390,364
1743084616,video_1743084613,62,323,229,390,364
1743084616,video_1743084613,63,323,230,389,365
1743084616,video_1743084613,63,444,113,480,168
1743084616,video_1743084613,64,320,233,389,365
1743084616,video_1743084613,64,445,112,482,168
1743084616,video_1743084613,65,319,234,389,365
1743084616,video_1743084613,65,444,113,480,170
1743084616,video_1743084613,66,318,235,390,365
1743084616,video_1743084613,67,317,237,389,365
1743084616,video_1743084613,67,444,113,480,169
1743084617,video_1743084613,68,314,241,390,366
1743084617,video_1743084613,69,314,243,390,367
1743084617,video_1743084613,69,444,112,482,169
1743084617,video_1743084613,70,313,244,387,366
1743084617,video_1743084613,71,312,245,386,365
1743084617,video_1743084613,72,310,248,387,365
1743084617,video_1743084613,73,310,249,386,365
1743084617,video_1743084613,74,310,250,385,365
1743084617,video_1743084613,75,310,251,385,365
1743084617,video_1743084613,76,309,252,384,365
1743084617,video_1743084613,77,308,255,383,365
1743084617,video_1743084613,78,308,257,383,365
1743084617,video_1743084613,79,309,258,383,365
1743084617,video_1743084613,79,444,114,482,173
1743084617,video_1743084613,80,309,259,383,366
1743084617,video_1743084613,81,309,260,383,366
1743084617,video_1743084613,0,329,168,379,306
1743084617,video_1743084613,1,329,168,378,307
1743084617,video_1743084613,2,329,168,378,307
1743084617,video_1743084613,3,329,169,378,307
1743084617,video_1743084613,4,329,169,378,307
1743084617,video_1743084613,4,444,114,482,172
1743084617,video_1743084613,5,329,169,377,307
1743084617,video_1743084613,5,444,114,482,173
1743084617,video_1743084613,6,329,169,378,307
1743084617,video_1743084613,6,444,114,482,172
1743084618,video_1743084613,7,329,169,378,307
1743084618,video_1743084613,7,445,113,482,168
1743084618,video_1743084613,8,329,168,378,307
1743084618,video_1743084613,8,444,113,481,172
1743084618,video_1743084613,9,329,169,378,307
1743084618,video_1743084613,9,444,114,482,168
1743084618,video_1743084613,10,329,169,378,307
1743084618,video_1743084613,10,444,113,481,169
1743084618,video_1743084613,11,329,170,377,307
1743084618,video_1743084613,11,444,114,482,168
1743084618,video_1743084613,12,329,170,377,306
1743084618,video_1743084613,13,328,171,377,306
1743084618,video_1743084613,14,328,172,379,307
1743084618,video_1743084613,15,328,172,379,310
1743084618,video_1743084613,16,328,173,378,311
1743084618,video_1743084613,16,444,113,479,170
1743084618,video_1743084613,17,328,173,379,311
1743084618,video_1743084613,18,328,174,378,313
1743084618,video_1743084613,19,328,176,378,317
1743084618,video_1743084613,20,328,176,378,319
1743084618,video_1743084613,21,328,178,378,320
1743084618,video_1743084613,22,328,178,379,320
1743084618,video_1743084613,23,328,180,378,320
1743084618,video_1743084613,24,327,182,377,319
1743084618,video_1743084613,25,327,182,377,319
